Neighbourhood,City,State
jardim da penha,Vitória ,Espirito Santo
mata da praia,Vitória ,Espirito Santo
pontal de camburi ,Vitória ,Espirito Santo
república,Vitória ,Espirito Santo
goiabeiras,Vitória ,Espirito Santo
andorinhas,Vitória ,Espirito Santo
conquista,Vitória ,Espirito Santo
nova palestina,Vitória ,Espirito Santo
da penha,Vitória ,Espirito Santo
tabuazeiro,Vitória ,Espirito Santo
bento ferreira,Vitória ,Espirito Santo
são pedro,Vitória ,Espirito Santo
santa martha,Vitória ,Espirito Santo
são cristóvão,Vitória ,Espirito Santo
maruípe,Vitória ,Espirito Santo
grande vitória ,Vitória ,Espirito Santo
são benedito,Vitória ,Espirito Santo
ilha das caieiras,Vitória ,Espirito Santo
santo andré,Vitória ,Espirito Santo
solon borges,Vitória ,Espirito Santo
bonfim,Vitória ,Espirito Santo
jardim camburi,Vitória ,Espirito Santo
maria ortiz,Vitória ,Espirito Santo
jabour,Vitória ,Espirito Santo
antônio honório,Vitória ,Espirito Santo
resistência,Vitória ,Espirito Santo
ilha de santa maria,Vitória ,Espirito Santo
jucutuquara,Vitória ,Espirito Santo
monte belo,Vitória ,Espirito Santo
mário cypreste,Vitória ,Espirito Santo
santo antônio,Vitória ,Espirito Santo
bela vista,Vitória ,Espirito Santo
praia do suá,Vitória ,Espirito Santo
santa helena,Vitória ,Espirito Santo
itararé,Vitória ,Espirito Santo
inhanguetá,Vitória ,Espirito Santo
universitário,Vitória ,Espirito Santo
são josé,Vitória ,Espirito Santo
redenção,Vitória ,Espirito Santo
santa clara,Vitória ,Espirito Santo
centro,Vitória ,Espirito Santo
parque moscoso,Vitória ,Espirito Santo
do moscoso,Vitória ,Espirito Santo
santos dumont,Santos Dumont,Minas Gerais
caratoíra,Vitória ,Espirito Santo
ariovaldo favalessa,Vitória ,Espirito Santo
ilha do frade,Vitória ,Espirito Santo
gurigica,Vitória ,Espirito Santo
joana d´arc,Vitória ,Espirito Santo
consolação,Vitória ,Espirito Santo
praia do canto,Vitória ,Espirito Santo
boa vista,Vitória ,Espirito Santo
morada de camburi,Vitória ,Espirito Santo
santa luíza,Vitória ,Espirito Santo
santa lúcia,Vitória ,Espirito Santo
barro vermelho,Vitória ,Espirito Santo
estrelinha,Vitória ,Espirito Santo
forte são joão,Vitória ,Espirito Santo
fonte grande,Vitória ,Espirito Santo
enseada do suá,Vitória ,Espirito Santo
santos reis,Vitória ,Espirito Santo
piedade,Vitória ,Espirito Santo
jesus de nazareth,Vitória ,Espirito Santo
santa tereza,Vitória ,Espirito Santo
cruzamento,Vitória ,Espirito Santo
ilha do príncipe,Vitória ,Espirito Santo
romão,Vitória ,Espirito Santo
comdusa,Vitória ,Espirito Santo
santa cecília,Vitória ,Espirito Santo
vila rubim,Vitória ,Espirito Santo
de lourdes,Vitória ,Espirito Santo
do quadro,Vitória ,Espirito Santo
do cabral,Vitória ,Espirito Santo
horto,Vitória ,Espirito Santo
segurança do lar,Vitória ,Espirito Santo
ilha do boi,Vitória ,Espirito Santo
fradinhos,Vitória ,Espirito Santo
nazareth,Vitória ,Espirito Santo
aeroporto,Vitória ,Espirito Santo
ilhas oceânicas de trindade,Vitória ,Espirito Santo
parque industrial,Vitória ,Espirito Santo